Order ID,Date,Price,Quantity,Product_burgers,Product_chicken sandwiches,Product_fries,Product_sides & other,Purchase Type_In-store ,Purchase Type_Online ,Payment Method_ Credit Card,Payment Method_ Gift Card,Manager_       Remy Monet,Manager_Joao    Silva,Manager_Joao Silva,Manager_Pablo    Perez,Manager_Pablo   Perez,Manager_Pablo  Perez,Manager_Pablo Perez,Manager_Remy     Monet,Manager_Remy    Monet,Manager_Remy Monet,Manager_Tom      Jackson,Manager_Tom Jackson,Manager_Walter Muller,City_Lisbon,City_London,City_Madrid,City_Paris
10452,07-11-2022,3.49,573.07,False,False,True,False,False,True,False,True,False,False,False,False,False,False,False,False,False,False,True,False,False,False,True,False,False
10453,07-11-2022,2.95,745.76,False,False,False,False,False,True,False,True,False,False,False,False,False,False,False,False,False,False,False,False,False,False,False,True,False
10454,07-11-2022,4.99,200.4,False,False,False,True,True,False,False,True,False,True,False,False,False,False,False,False,False,False,False,False,False,True,False,False,False
10455,08-11-2022,12.99,569.67,True,False,False,False,True,False,True,False,False,False,False,False,False,False,False,False,False,False,False,False,True,False,False,False,False
10456,08-11-2022,9.95,201.01,False,True,False,False,True,False,True,False,False,False,False,False,False,False,False,False,False,False,False,False,True,False,False,False,False
10457,08-11-2022,3.49,573.07,False,False,True,False,True,False,True,False,False,False,False,False,False,False,False,False,True,False,False,False,False,False,False,False,True
10459,08-11-2022,4.99,200.4,False,False,False,True,True,False,True,False,False,False,False,False,False,False,False,False,False,False,False,False,True,False,False,False,False
10460,09-11-2022,12.99,554.27,True,False,False,False,True,False,True,False,False,False,False,False,False,False,False,False,False,True,False,False,False,False,False,False,True
10461,09-11-2022,9.95,201.01,False,True,False,False,True,False,True,False,False,False,False,False,False,False,False,False,False,True,False,False,False,False,False,False,True
10462,09-11-2022,3.49,573.07,False,False,True,False,True,False,True,False,True,False,False,False,False,False,False,False,False,False,False,False,False,False,False,False,True
10463,09-11-2022,2.95,677.97,False,False,False,False,True,False,True,False,True,False,False,False,False,False,False,False,False,False,False,False,False,False,False,False,True
10464,09-11-2022,4.99,200.4,False,False,False,True,True,False,True,False,False,False,False,False,False,False,False,True,False,False,False,False,False,False,False,False,True
10465,10-11-2022,12.99,554.27,True,False,False,False,True,False,True,False,False,False,False,False,False,False,True,False,False,False,False,False,False,False,False,True,False
10466,10-11-2022,9.95,201.01,False,True,False,False,True,False,True,False,False,False,False,False,False,False,True,False,False,False,False,False,False,False,False,True,False
10467,10-11-2022,3.49,573.07,False,False,True,False,True,False,True,False,False,False,False,False,False,False,True,False,False,False,False,False,False,False,False,True,False
10468,10-11-2022,2.95,677.97,False,False,False,False,True,False,True,False,False,False,False,False,False,False,False,False,False,False,False,False,False,False,False,True,False
10470,11-11-2022,12.99,554.27,True,False,False,False,True,False,True,False,False,False,False,False,False,False,False,False,False,False,False,False,False,False,False,True,False
10471,11-11-2022,9.95,201.01,False,True,False,False,True,False,True,False,False,False,False,False,False,False,False,False,False,False,False,False,False,False,False,True,False
10472,11-11-2022,3.49,630.37,False,False,True,False,True,False,True,False,False,False,False,False,True,False,False,False,False,False,False,False,False,False,False,True,False
10473,11-11-2022,2.95,677.97,False,False,False,False,True,False,True,False,False,False,False,False,False,False,False,False,False,False,False,False,False,False,False,True,False
10474,11-11-2022,4.99,200.4,False,False,False,True,True,False,True,False,False,False,False,False,False,False,False,False,False,False,False,False,False,False,False,True,False
10475,12-11-2022,12.99,523.48,True,False,False,False,True,False,True,False,False,False,False,False,False,False,False,False,False,False,False,False,False,False,False,True,False
10476,12-11-2022,9.95,201.01,False,True,False,False,True,False,True,False,False,False,False,False,False,False,True,False,False,False,False,False,False,False,False,True,False
10477,12-11-2022,3.49,630.37,False,False,True,False,True,False,True,False,False,False,False,False,False,True,False,False,False,False,False,False,False,False,False,True,False
10478,12-11-2022,2.95,677.97,False,False,False,False,True,False,True,False,False,False,False,False,False,False,True,False,False,False,False,False,False,False,False,True,False
10479,12-11-2022,4.99,200.4,False,False,False,True,True,False,True,False,False,False,False,True,False,False,False,False,False,False,False,False,False,False,False,True,False
10480,13-11-2022,12.99,508.08,True,False,False,False,True,False,True,False,False,False,False,False,False,False,True,False,False,False,False,False,False,False,False,True,False
10481,13-11-2022,9.95,201.01,False,True,False,False,True,False,True,False,False,False,False,False,False,False,True,False,False,False,False,False,False,False,False,True,False
10482,13-11-2022,25.5,630.37,False,False,True,False,True,False,True,False,False,False,True,False,False,False,False,False,False,False,False,False,False,True,False,False,False
10486,14-11-2022,29.05,201.01,False,True,False,False,True,False,True,False,False,True,False,False,False,False,False,False,False,False,False,False,False,True,False,False,False
10487,14-11-2022,3.49,630.37,False,False,True,False,True,False,True,False,False,False,True,False,False,False,False,False,False,False,False,False,False,True,False,False,False
10488,14-11-2022,2.95,677.97,False,False,False,False,True,False,True,False,False,False,True,False,False,False,False,False,False,False,False,False,False,True,False,False,False
10489,14-11-2022,4.99,200.4,False,False,False,True,True,False,True,False,False,False,False,False,False,False,True,False,False,False,False,False,False,False,False,True,False
10490,15-11-2022,12.99,508.08,True,False,False,False,True,False,True,False,False,False,False,False,False,False,True,False,False,False,False,False,False,False,False,True,False
10491,15-11-2022,9.95,201.01,False,True,False,False,True,False,True,False,False,False,False,False,False,False,True,False,False,False,False,False,False,False,False,True,False
10492,15-11-2022,3.49,573.07,False,False,True,False,True,False,True,False,False,False,False,False,False,False,True,False,False,False,False,False,False,False,False,True,False
10493,15-11-2022,2.95,677.97,False,False,False,False,True,False,True,False,False,False,False,False,False,False,True,False,False,False,False,False,False,False,False,True,False
10494,15-11-2022,4.99,200.4,False,False,False,True,True,False,True,False,False,False,False,False,False,False,True,False,False,False,False,False,False,False,False,True,False
10495,16-11-2022,12.99,508.08,True,False,False,False,True,False,True,False,False,False,False,False,False,False,True,False,False,False,False,False,False,False,False,True,False
10496,16-11-2022,9.95,201.01,False,True,False,False,True,False,True,False,False,False,False,False,False,False,True,False,False,False,False,False,False,False,False,True,False
10497,16-11-2022,3.49,573.07,False,False,True,False,True,False,True,False,False,False,False,False,False,False,True,False,False,False,False,False,False,False,False,True,False
10498,16-11-2022,2.95,677.97,False,False,False,False,False,False,True,False,False,False,False,False,False,False,True,False,False,False,False,False,False,False,False,True,False
10499,16-11-2022,4.99,200.4,False,False,False,True,False,False,True,False,False,False,False,False,False,False,True,False,False,False,False,False,False,False,False,True,False
10500,17-11-2022,12.99,523.48,True,False,False,False,False,False,True,False,False,False,False,False,False,False,True,False,False,False,False,False,False,False,False,True,False
10501,17-11-2022,9.95,201.01,False,True,False,False,False,False,True,False,False,False,False,False,False,False,True,False,False,False,False,False,False,False,False,True,False
10502,17-11-2022,3.49,630.37,False,False,True,False,False,False,True,False,False,False,False,False,False,False,True,False,False,False,False,False,False,False,False,True,False
10503,17-11-2022,2.95,677.97,False,False,False,False,False,False,True,False,False,False,False,False,False,False,True,False,False,False,False,False,False,False,False,True,False
10504,17-11-2022,4.99,200.4,False,False,False,True,False,False,True,False,False,False,False,False,False,False,True,False,False,False,False,False,False,False,False,True,False
10505,18-11-2022,12.99,538.88,True,False,False,False,False,False,True,False,False,False,False,False,False,False,True,False,False,False,False,False,False,False,False,True,False
10506,18-11-2022,9.95,201.01,False,True,False,False,False,False,True,False,False,False,False,False,False,False,True,False,False,False,False,False,False,False,False,True,False
10507,18-11-2022,3.49,687.68,False,False,True,False,False,False,True,False,False,False,False,False,False,False,True,False,False,False,False,False,False,False,False,True,False
10508,18-11-2022,2.95,677.97,False,False,False,False,False,False,True,False,False,False,False,False,False,False,True,False,False,False,False,False,False,False,False,True,False
10509,18-11-2022,4.99,200.4,False,False,False,True,False,False,True,False,False,False,False,False,False,False,True,False,False,False,False,False,False,False,False,True,False
10510,19-11-2022,12.99,508.08,True,False,False,False,False,False,True,False,False,False,False,False,False,False,True,False,False,False,False,False,False,False,False,True,False
10511,19-11-2022,9.95,201.01,False,True,False,False,False,False,True,False,False,False,True,False,False,False,False,False,False,False,False,False,False,True,False,False,False
10512,19-11-2022,3.49,687.68,False,False,True,False,False,False,True,False,False,False,True,False,False,False,False,False,False,False,False,False,False,True,False,False,False
10513,19-11-2022,2.95,677.97,False,False,False,False,False,False,False,False,False,False,True,False,False,False,False,False,False,False,False,False,False,True,False,False,False
10514,19-11-2022,4.99,200.4,False,False,False,True,False,False,False,False,False,False,True,False,False,False,False,False,False,False,False,False,False,True,False,False,False
10515,20-11-2022,12.99,477.29,True,False,False,False,False,False,False,False,False,False,True,False,False,False,False,False,False,False,False,False,False,True,False,False,False
10516,20-11-2022,9.95,201.01,False,True,False,False,False,False,False,False,False,False,True,False,False,False,False,False,False,False,False,False,False,True,False,False,False
10483,13-11-2022,2.95,677.97,False,False,False,False,True,False,True,False,False,True,False,False,False,False,False,False,False,False,False,False,False,True,False,False,False
10484,13-11-2022,4.99,200.4,False,False,False,True,True,False,True,False,False,True,False,False,False,False,False,False,False,False,False,False,False,True,False,False,False
10485,14-11-2022,12.99,523.48,True,False,False,False,True,False,True,False,False,True,False,False,False,False,False,False,False,False,False,False,False,True,False,False,False
10520,21-11-2022,12.99,492.69,True,False,False,False,False,False,False,False,False,False,False,False,False,False,False,False,False,True,False,False,False,False,False,False,True
10521,21-11-2022,9.95,201.01,False,True,False,False,False,False,False,False,False,False,False,False,False,False,False,False,False,True,False,False,False,False,False,False,True
10522,21-11-2022,3.49,687.68,False,False,True,False,False,False,False,False,False,False,False,False,False,False,False,False,False,True,False,False,False,False,False,False,True
10523,21-11-2022,2.95,745.76,False,False,False,False,False,False,False,False,False,False,False,False,False,False,False,False,False,True,False,False,False,False,False,False,True
10524,21-11-2022,4.99,200.4,False,False,False,True,False,False,False,False,False,False,False,False,False,False,False,False,False,True,False,False,False,False,False,False,True
10525,22-11-2022,12.99,461.89,True,False,False,False,False,False,False,False,False,False,False,False,False,False,False,False,False,True,False,False,False,False,False,False,True
10526,22-11-2022,9.95,201.01,False,True,False,False,False,False,False,False,False,False,False,False,False,False,False,False,False,True,False,False,False,False,False,False,True
10527,22-11-2022,3.49,687.68,False,False,True,False,False,False,False,False,False,False,False,False,False,False,False,False,False,True,False,False,False,False,False,False,True
10528,22-11-2022,2.95,745.76,False,False,False,False,False,False,False,False,False,False,False,False,False,False,False,False,False,True,False,False,False,False,False,False,True
10529,22-11-2022,4.99,200.4,False,False,False,True,False,False,False,False,False,False,False,False,False,False,False,False,False,True,False,False,False,False,False,False,True
10530,23-11-2022,12.99,477.29,True,False,False,False,False,False,False,False,False,False,False,False,False,False,False,False,False,True,False,False,False,False,False,False,True
10531,23-11-2022,9.95,201.01,False,True,False,False,False,False,False,False,False,False,False,False,False,False,False,False,False,True,False,False,False,False,False,False,True
10532,23-11-2022,3.49,687.68,False,False,True,False,False,False,False,False,False,False,True,False,False,False,False,False,False,False,False,False,False,True,False,False,False
10533,23-11-2022,2.95,745.76,False,False,False,False,False,False,False,False,False,False,True,False,False,False,False,False,False,False,False,False,False,True,False,False,False
10534,23-11-2022,4.99,200.4,False,False,False,True,False,False,False,False,False,False,False,False,False,False,True,False,False,False,False,False,False,False,False,True,False
10535,24-11-2022,12.99,477.29,True,False,False,False,False,False,True,False,False,False,False,False,False,False,True,False,False,False,False,False,False,False,False,True,False
10536,24-11-2022,9.95,201.01,False,True,False,False,False,False,True,False,False,False,False,False,False,False,True,False,False,False,False,False,False,False,False,True,False
10540,25-11-2022,12.99,461.89,True,False,False,False,False,False,True,False,False,False,False,False,False,False,True,False,False,False,False,False,False,False,False,True,False
10541,25-11-2022,9.95,201.01,False,True,False,False,False,False,True,False,False,False,False,False,False,False,False,False,False,False,False,True,False,False,True,False,False
10542,25-11-2022,3.49,630.37,False,False,True,False,False,False,True,False,False,False,False,False,False,False,False,False,False,False,False,True,False,False,True,False,False
10543,25-11-2022,2.95,745.76,False,False,False,False,False,False,True,False,False,False,False,False,False,False,False,False,False,False,False,True,False,False,True,False,False
10544,25-11-2022,4.99,200.4,False,False,False,True,False,False,True,False,False,False,False,False,False,False,False,False,False,False,False,True,False,False,True,False,False
10545,26-11-2022,12.99,446.5,True,False,False,False,False,False,True,False,False,False,False,False,False,False,False,False,False,False,False,True,False,False,True,False,False
10546,26-11-2022,9.95,201.01,False,True,False,False,False,False,True,False,False,False,False,False,False,False,False,False,False,False,False,True,False,False,True,False,False
10547,26-11-2022,3.49,630.37,False,False,True,False,False,False,True,False,False,False,False,False,False,False,False,False,False,False,False,True,False,False,True,False,False
10548,26-11-2022,2.95,745.76,False,False,False,False,False,False,True,False,False,False,False,False,False,False,False,False,False,False,False,True,False,False,True,False,False
10549,26-11-2022,4.99,200.4,False,False,False,True,False,False,True,False,False,False,False,False,False,False,False,False,False,False,False,True,False,False,True,False,False
10550,27-11-2022,12.99,461.89,True,False,False,False,False,False,True,False,False,False,False,False,False,False,False,False,False,False,False,True,False,False,True,False,False
10551,27-11-2022,9.95,201.01,False,True,False,False,False,False,True,False,False,False,False,False,False,False,False,False,False,False,False,True,False,False,True,False,False
10552,27-11-2022,3.49,630.37,False,False,True,False,False,True,True,False,False,False,False,False,False,False,False,False,False,False,False,True,False,False,True,False,False
10553,27-11-2022,2.95,745.76,False,False,False,False,False,True,True,False,False,False,False,False,False,False,False,False,False,False,False,True,False,False,True,False,False
10554,27-11-2022,4.99,200.4,False,False,False,True,False,True,True,False,False,False,False,False,False,False,False,False,False,False,False,True,False,False,True,False,False
10555,28-11-2022,12.99,477.29,True,False,False,False,False,True,True,False,False,False,False,False,False,False,False,False,False,False,False,True,False,False,True,False,False
10556,28-11-2022,9.95,201.01,False,True,False,False,False,True,True,False,False,False,False,False,False,False,False,False,False,False,False,True,False,False,True,False,False
10557,28-11-2022,3.49,630.37,False,False,True,False,False,True,True,False,False,False,False,False,False,False,False,False,False,False,False,True,False,False,True,False,False
10558,28-11-2022,2.95,677.97,False,False,False,False,False,True,True,False,False,False,False,False,False,False,False,False,False,False,False,True,False,False,True,False,False
10559,28-11-2022,4.99,200.4,False,False,False,True,False,True,True,False,False,False,False,False,False,False,False,False,False,False,False,True,False,False,True,False,False
10560,29-11-2022,12.99,477.29,True,False,False,False,False,True,True,False,False,False,False,False,False,False,False,False,False,False,False,True,False,False,True,False,False
10561,29-11-2022,9.95,201.01,False,True,False,False,False,True,True,False,False,False,False,False,False,False,False,False,False,False,False,True,False,False,True,False,False
10562,29-11-2022,3.49,630.37,False,False,True,False,False,True,True,False,False,False,False,False,False,False,False,False,False,False,False,True,False,False,True,False,False
10563,29-11-2022,2.95,677.97,False,False,False,False,False,True,True,False,False,False,False,False,False,False,False,False,False,False,False,True,False,False,True,False,False
10564,29-11-2022,4.99,200.4,False,False,False,True,False,True,True,False,False,False,False,False,False,False,False,False,False,False,False,True,False,False,True,False,False
10565,30-11-2022,12.99,492.69,True,False,False,False,False,True,True,False,False,False,False,False,False,False,False,False,False,False,False,True,False,False,True,False,False
10566,30-11-2022,9.95,201.01,False,True,False,False,False,True,True,False,False,False,False,False,False,False,False,False,False,False,False,True,False,False,True,False,False
10567,30-11-2022,3.49,630.37,False,False,True,False,False,True,True,False,False,False,False,False,False,False,False,False,False,False,False,True,False,False,True,False,False
10568,30-11-2022,2.95,677.97,False,False,False,False,False,True,True,False,False,False,False,False,False,False,False,False,False,False,False,True,False,False,True,False,False
10569,30-11-2022,4.99,200.4,False,False,False,True,False,True,True,False,False,False,False,False,False,False,False,False,False,False,False,True,False,False,True,False,False
10570,01-12-2022,12.99,492.69,True,False,False,False,False,True,True,False,False,False,False,False,False,False,False,False,False,False,False,True,False,False,True,False,False
10571,01-12-2022,9.95,201.01,False,True,False,False,False,True,True,False,False,False,False,False,False,False,False,False,False,False,False,True,False,False,True,False,False
10572,01-12-2022,3.49,573.07,False,False,True,False,False,True,True,False,False,False,False,False,False,False,False,False,False,True,False,False,False,False,False,False,True
10573,01-12-2022,2.95,677.97,False,False,False,False,False,True,True,False,False,False,False,False,False,False,False,False,False,True,False,False,False,False,False,False,True
10574,01-12-2022,4.99,200.4,False,False,False,True,False,True,True,False,False,False,False,False,False,False,False,False,False,True,False,False,False,False,False,False,True
10575,02-12-2022,12.99,523.48,True,False,False,False,False,True,True,False,False,False,False,False,False,False,False,False,False,True,False,False,False,False,False,False,True
10576,02-12-2022,9.95,201.01,False,True,False,False,False,True,True,False,False,False,False,False,False,False,False,False,False,True,False,False,False,False,False,False,True
10577,02-12-2022,3.49,630.37,False,False,True,False,False,True,True,False,False,False,False,False,False,False,False,False,False,True,False,False,False,False,False,False,True
10578,02-12-2022,2.95,677.97,False,False,False,False,False,True,True,False,False,False,False,False,False,False,False,False,False,True,False,False,False,False,False,False,True
10579,02-12-2022,4.99,200.4,False,False,False,True,False,True,True,False,False,False,False,False,False,False,False,False,False,True,False,False,False,False,False,False,True
10580,03-12-2022,12.99,523.48,True,False,False,False,False,True,True,False,False,False,False,False,False,False,False,False,False,True,False,False,False,False,False,False,True
10581,03-12-2022,9.95,201.01,False,True,False,False,False,True,True,False,False,False,False,False,False,False,False,False,False,True,False,False,False,False,False,False,True
10582,03-12-2022,3.49,630.37,False,False,True,False,False,True,True,False,False,False,False,False,False,False,False,False,False,False,False,True,False,False,True,False,False
10583,03-12-2022,2.95,677.97,False,False,False,False,False,True,True,False,False,False,False,False,False,False,False,False,False,False,False,True,False,False,True,False,False
10584,03-12-2022,4.99,200.4,False,False,False,True,False,True,True,False,False,False,False,False,False,False,False,False,False,False,False,True,False,False,True,False,False
10585,04-12-2022,12.99,538.88,True,False,False,False,False,True,True,False,False,False,False,False,False,False,False,False,False,False,False,True,False,False,True,False,False
10586,04-12-2022,9.95,201.01,False,True,False,False,False,True,True,False,False,False,False,False,False,False,False,False,False,False,False,True,False,False,True,False,False
10537,24-11-2022,3.49,630.37,False,False,True,False,False,False,True,False,False,False,False,False,False,False,True,False,False,False,False,False,False,False,False,True,False
10538,24-11-2022,2.95,745.76,False,False,False,False,False,False,True,False,False,False,False,False,False,False,True,False,False,False,False,False,False,False,False,True,False
10539,24-11-2022,4.99,200.4,False,False,False,True,False,False,True,False,False,False,False,False,False,False,True,False,False,False,False,False,False,False,False,True,False
10590,05-12-2022,12.99,554.27,True,False,False,False,False,True,True,False,False,False,False,False,False,False,False,False,False,False,False,True,False,False,True,False,False
10591,05-12-2022,9.95,201.01,False,True,False,False,False,True,True,False,False,False,False,False,False,False,False,False,False,False,False,True,False,False,True,False,False
10592,05-12-2022,3.49,573.07,False,False,True,False,False,True,True,False,False,False,False,False,False,False,False,False,False,False,False,True,False,False,True,False,False
10593,05-12-2022,2.95,677.97,False,False,False,False,False,True,True,False,False,False,False,False,False,False,False,False,False,False,False,True,False,False,True,False,False
10594,05-12-2022,4.99,200.4,False,False,False,True,False,True,True,False,False,False,False,False,False,False,False,False,False,False,False,True,False,False,True,False,False
10595,06-12-2022,12.99,538.88,True,False,False,False,False,True,True,False,False,False,False,False,False,False,False,False,False,False,False,True,False,False,True,False,False
10596,06-12-2022,9.95,201.01,False,True,False,False,False,True,True,False,False,False,False,False,False,False,False,False,False,False,False,True,False,False,True,False,False
10597,06-12-2022,3.49,573.07,False,False,True,False,False,True,True,False,False,False,False,False,False,False,False,False,False,False,False,True,False,False,True,False,False
10598,06-12-2022,2.95,677.97,False,False,False,False,False,True,True,False,False,False,False,False,False,False,False,False,False,False,False,True,False,False,True,False,False
10599,06-12-2022,4.99,200.4,False,False,False,True,False,True,True,False,False,False,False,False,False,False,False,False,False,False,False,True,False,False,True,False,False
10600,07-12-2022,12.99,523.48,True,False,False,False,False,True,True,False,False,False,False,False,False,False,False,False,False,False,False,True,False,False,True,False,False
10601,07-12-2022,9.95,201.01,False,True,False,False,False,True,True,False,False,False,False,False,False,False,False,False,False,False,False,True,False,False,True,False,False
10602,07-12-2022,3.49,630.37,False,False,True,False,False,True,False,False,False,False,False,False,False,False,False,False,False,False,False,True,False,False,True,False,False
10603,07-12-2022,2.95,677.97,False,False,False,False,False,True,False,False,False,False,False,False,False,False,False,False,False,False,False,True,False,False,True,False,False
10604,07-12-2022,4.99,200.4,False,False,False,True,False,True,False,False,False,False,False,False,False,False,False,False,False,False,False,True,False,False,True,False,False
10605,08-12-2022,12.99,538.88,True,False,False,False,False,True,False,False,False,False,False,False,False,False,False,False,False,False,False,True,False,False,True,False,False
10606,08-12-2022,9.95,201.01,False,True,False,False,False,True,False,False,False,False,False,False,False,False,False,False,False,False,False,True,False,False,True,False,False
10607,08-12-2022,3.49,630.37,False,False,True,False,False,True,False,False,False,False,False,False,False,False,False,False,False,False,False,True,False,False,True,False,False
10608,08-12-2022,2.95,677.97,False,False,False,False,False,True,False,True,False,False,False,False,False,False,False,False,False,False,False,True,False,False,True,False,False
10609,08-12-2022,4.99,200.4,False,False,False,True,False,True,False,True,False,False,False,False,False,False,False,False,False,False,False,True,False,False,True,False,False
10610,09-12-2022,12.99,569.67,True,False,False,False,False,True,False,True,False,False,False,False,False,False,False,False,False,False,False,True,False,False,True,False,False
10611,09-12-2022,9.95,201.01,False,True,False,False,False,True,False,True,False,False,False,False,False,False,False,False,False,False,False,True,False,False,True,False,False
10612,09-12-2022,3.49,630.37,False,False,True,False,False,True,False,True,False,False,False,False,False,False,False,False,False,False,False,True,False,False,True,False,False
10613,09-12-2022,2.95,677.97,False,False,False,False,False,True,False,True,False,False,False,False,False,False,False,False,False,False,False,True,False,False,True,False,False
10614,09-12-2022,4.99,200.4,False,False,False,True,False,True,False,True,False,False,False,False,False,False,False,False,False,False,False,True,False,False,True,False,False
10615,10-12-2022,12.99,569.67,True,False,False,False,False,True,False,True,False,False,False,False,False,False,False,False,False,False,False,True,False,False,True,False,False
10616,10-12-2022,9.95,201.01,False,True,False,False,False,True,False,True,False,False,False,False,False,False,False,False,False,False,False,True,False,False,True,False,False
10617,10-12-2022,3.49,630.37,False,False,True,False,False,True,False,True,False,False,False,False,False,False,False,False,False,False,False,True,False,False,True,False,False
10618,10-12-2022,2.95,677.97,False,False,False,False,False,True,False,True,False,False,False,False,False,False,False,False,False,False,False,True,False,False,True,False,False
10619,10-12-2022,4.99,200.4,False,False,False,True,False,True,False,True,False,False,False,False,False,False,False,False,False,False,False,True,False,False,True,False,False
10620,11-12-2022,12.99,585.07,True,False,False,False,False,True,False,True,False,False,False,False,False,False,False,False,False,False,False,True,False,False,True,False,False
10621,11-12-2022,9.95,201.01,False,True,False,False,False,True,False,True,False,False,False,False,False,False,False,False,False,False,False,True,False,False,True,False,False
10622,11-12-2022,3.49,630.37,False,False,True,False,False,True,False,True,False,False,False,False,False,False,False,False,False,False,False,True,False,False,True,False,False
10623,11-12-2022,2.95,745.76,False,False,False,False,False,True,False,True,False,False,False,False,False,False,False,False,False,False,False,True,False,False,True,False,False
10624,11-12-2022,4.99,200.4,False,False,False,True,False,True,False,True,False,False,False,False,False,False,False,False,False,False,False,True,False,False,True,False,False
10625,12-12-2022,12.99,569.67,True,False,False,False,False,True,False,True,False,False,False,False,False,False,False,False,False,False,False,True,False,False,True,False,False
10626,12-12-2022,9.95,201.01,False,True,False,False,False,True,False,True,False,False,False,False,False,False,False,False,False,False,False,True,False,False,True,False,False
10627,12-12-2022,3.49,630.37,False,False,True,False,False,True,False,True,False,False,False,False,False,False,False,False,False,False,False,True,False,False,True,False,False
10628,12-12-2022,2.95,677.97,False,False,False,False,False,True,False,True,False,False,True,False,False,False,False,False,False,False,False,False,False,True,False,False,False
10629,12-12-2022,4.99,200.4,False,False,False,True,False,True,False,True,False,False,True,False,False,False,False,False,False,False,False,False,False,True,False,False,False
10630,13-12-2022,12.99,569.67,True,False,False,False,False,True,False,False,False,False,True,False,False,False,False,False,False,False,False,False,False,True,False,False,False
10631,13-12-2022,9.95,201.01,False,True,False,False,False,True,False,True,False,False,True,False,False,False,False,False,False,False,False,False,False,True,False,False,False
10632,13-12-2022,3.49,630.37,False,False,True,False,False,True,False,True,False,False,True,False,False,False,False,False,False,False,False,False,False,True,False,False,False
10633,13-12-2022,2.95,677.97,False,False,False,False,False,True,False,True,False,False,True,False,False,False,False,False,False,False,False,False,False,True,False,False,False
10634,13-12-2022,4.99,200.4,False,False,False,True,False,True,False,True,False,False,True,False,False,False,False,False,False,False,False,False,False,True,False,False,False
10635,14-12-2022,12.99,554.27,True,False,False,False,False,True,False,True,False,False,True,False,False,False,False,False,False,False,False,False,False,True,False,False,False
10636,14-12-2022,9.95,221.11,False,True,False,False,False,True,False,True,False,False,True,False,False,False,False,False,False,False,False,False,False,True,False,False,False
10637,14-12-2022,3.49,630.37,False,False,True,False,False,True,False,True,False,False,True,False,False,False,False,False,False,False,False,False,False,True,False,False,False
10638,14-12-2022,2.95,677.97,False,False,False,False,False,True,False,True,False,False,True,False,False,False,False,False,False,False,False,False,False,True,False,False,False
10639,14-12-2022,4.99,200.4,False,False,False,True,False,True,False,True,False,False,True,False,False,False,False,False,False,False,False,False,False,True,False,False,False
10640,15-12-2022,12.99,538.88,True,False,False,False,False,True,False,True,False,False,True,False,False,False,False,False,False,False,False,False,False,True,False,False,False
10641,15-12-2022,9.95,221.11,False,True,False,False,False,True,False,True,False,False,True,False,False,False,False,False,False,False,False,False,False,True,False,False,False
10642,15-12-2022,3.49,630.37,False,False,True,False,False,True,False,False,False,False,True,False,False,False,False,False,False,False,False,False,False,True,False,False,False
10643,15-12-2022,2.95,677.97,False,False,False,False,False,True,False,False,False,False,True,False,False,False,False,False,False,False,False,False,False,True,False,False,False
10644,15-12-2022,4.99,200.4,False,False,False,True,False,True,False,False,False,False,True,False,False,False,False,False,False,False,False,False,False,True,False,False,False
10645,16-12-2022,12.99,569.67,True,False,False,False,False,True,False,False,False,False,True,False,False,False,False,False,False,False,False,False,False,True,False,False,False
10646,16-12-2022,9.95,221.11,False,True,False,False,False,True,False,False,False,False,True,False,False,False,False,False,False,False,False,False,False,True,False,False,False
10647,16-12-2022,3.49,630.37,False,False,True,False,False,True,False,True,False,False,True,False,False,False,False,False,False,False,False,False,False,True,False,False,False
10648,16-12-2022,2.95,745.76,False,False,False,False,False,True,False,True,False,False,True,False,False,False,False,False,False,False,False,False,False,True,False,False,False
10649,16-12-2022,4.99,200.4,False,False,False,True,False,True,False,True,False,False,True,False,False,False,False,False,False,False,False,False,False,True,False,False,False
10650,17-12-2022,12.99,585.07,True,False,False,False,False,True,False,True,False,False,True,False,False,False,False,False,False,False,False,False,False,True,False,False,False
10651,17-12-2022,9.95,221.11,False,True,False,False,False,True,False,True,False,False,True,False,False,False,False,False,False,False,False,False,False,True,False,False,False
10652,17-12-2022,3.49,687.68,False,False,True,False,False,True,False,True,False,False,True,False,False,False,False,False,False,False,False,False,False,True,False,False,False
10653,17-12-2022,2.95,745.76,False,False,False,False,False,True,False,True,False,False,True,False,False,False,False,False,False,False,False,False,False,True,False,False,False
10654,17-12-2022,4.99,200.4,False,False,False,True,False,True,False,True,False,False,True,False,False,False,False,False,False,False,False,False,False,True,False,False,False
10655,18-12-2022,12.99,600.46,True,False,False,False,False,True,False,True,False,False,True,False,False,False,False,False,False,False,False,False,False,True,False,False,False
10656,18-12-2022,9.95,221.11,False,True,False,False,False,True,False,True,False,False,True,False,False,False,False,False,False,False,False,False,False,True,False,False,False
10657,18-12-2022,3.49,687.68,False,False,True,False,False,True,False,True,False,False,True,False,False,False,False,False,False,False,False,False,False,True,False,False,False
10658,18-12-2022,2.95,745.76,False,False,False,False,False,True,False,False,False,False,True,False,False,False,False,False,False,False,False,False,False,True,False,False,False
10659,18-12-2022,4.99,200.4,False,False,False,True,False,True,False,False,False,False,True,False,False,False,False,False,False,False,False,False,False,True,False,False,False
10660,19-12-2022,12.99,631.25,True,False,False,False,True,False,False,False,False,False,True,False,False,False,False,False,False,False,False,False,False,True,False,False,False
10661,19-12-2022,9.95,221.11,False,True,False,False,True,False,False,False,False,False,True,False,False,False,False,False,False,False,False,False,False,True,False,False,False
10662,19-12-2022,3.49,630.37,False,False,True,False,True,False,False,False,False,False,True,False,False,False,False,False,False,False,False,False,False,True,False,False,False
10663,19-12-2022,2.95,745.76,False,False,False,False,True,False,False,False,False,False,True,False,False,False,False,False,False,False,False,False,False,True,False,False,False
10664,19-12-2022,4.99,200.4,False,False,False,True,True,False,False,False,False,False,True,False,False,False,False,False,False,False,False,False,False,True,False,False,False
10665,20-12-2022,12.99,646.65,True,False,False,False,True,False,False,False,False,False,True,False,False,False,False,False,False,False,False,False,False,True,False,False,False
10666,20-12-2022,9.95,221.11,False,True,False,False,True,False,False,False,False,False,True,False,False,False,False,False,False,False,False,False,False,True,False,False,False
10667,20-12-2022,3.49,630.37,False,False,True,False,True,False,False,False,False,False,True,False,False,False,False,False,False,False,False,False,False,True,False,False,False
10668,20-12-2022,2.95,745.76,False,False,False,False,True,False,False,False,False,False,True,False,False,False,False,False,False,False,False,False,False,True,False,False,False
10669,20-12-2022,4.99,200.4,False,False,False,True,True,False,False,False,False,False,True,False,False,False,False,False,False,False,False,False,False,True,False,False,False
10670,21-12-2022,12.99,677.44,True,False,False,False,True,False,False,False,False,False,True,False,False,False,False,False,False,False,False,False,False,True,False,False,False
10671,21-12-2022,9.95,221.11,False,True,False,False,True,False,False,False,False,False,True,False,False,False,False,False,False,False,False,False,False,True,False,False,False
10672,21-12-2022,3.49,630.37,False,False,True,False,True,False,False,False,False,False,True,False,False,False,False,False,False,False,False,False,False,True,False,False,False
10673,21-12-2022,2.95,745.76,False,False,False,False,True,False,False,False,False,False,True,False,False,False,False,False,False,False,False,False,False,True,False,False,False
10674,21-12-2022,4.99,200.4,False,False,False,True,True,False,False,False,False,False,True,False,False,False,False,False,False,False,False,False,False,True,False,False,False
10675,22-12-2022,12.99,677.44,True,False,False,False,True,False,False,False,False,False,True,False,False,False,False,False,False,False,False,False,False,True,False,False,False
10676,22-12-2022,9.95,241.21,False,True,False,False,True,False,False,False,False,False,True,False,False,False,False,False,False,False,False,False,False,True,False,False,False
10677,22-12-2022,3.49,630.37,False,False,True,False,True,False,False,False,False,False,True,False,False,False,False,False,False,False,False,False,False,True,False,False,False
10678,22-12-2022,2.95,745.76,False,False,False,False,True,False,False,False,False,False,True,False,False,False,False,False,False,False,False,False,False,True,False,False,False
10679,22-12-2022,4.99,200.4,False,False,False,True,True,False,False,False,False,False,True,False,False,False,False,False,False,False,False,False,False,True,False,False,False
10680,23-12-2022,12.99,646.65,True,False,False,False,True,False,False,False,False,False,True,False,False,False,False,False,False,False,False,False,False,True,False,False,False
10681,23-12-2022,9.95,241.21,False,True,False,False,True,False,False,False,False,False,True,False,False,False,False,False,False,False,False,False,False,True,False,False,False
10682,23-12-2022,3.49,630.37,False,False,True,False,True,False,False,False,False,False,True,False,False,False,False,False,False,False,False,False,False,True,False,False,False
10683,23-12-2022,2.95,677.97,False,False,False,False,True,False,False,False,False,False,True,False,False,False,False,False,False,False,False,False,False,True,False,False,False
10684,23-12-2022,4.99,200.4,False,False,False,True,True,False,False,False,False,False,True,False,False,False,False,False,False,False,False,False,False,True,False,False,False
10685,24-12-2022,12.99,677.44,True,False,False,False,True,False,False,False,False,False,True,False,False,False,False,False,False,False,False,False,False,True,False,False,False
10686,24-12-2022,9.95,241.21,False,True,False,False,True,False,False,False,False,False,True,False,False,False,False,False,False,False,False,False,False,True,False,False,False
10687,24-12-2022,3.49,630.37,False,False,True,False,True,False,False,False,False,False,False,False,False,False,False,False,False,False,False,False,True,False,False,False,False
10688,24-12-2022,2.95,677.97,False,False,False,False,True,False,False,False,False,False,False,False,False,False,False,False,False,False,False,False,True,False,False,False,False
10689,24-12-2022,4.99,200.4,False,False,False,True,True,False,False,False,False,False,False,False,False,False,False,False,False,False,False,False,True,False,False,False,False
10690,25-12-2022,12.99,677.44,True,False,False,False,True,False,False,False,False,False,False,False,False,False,False,False,False,False,False,False,True,False,False,False,False
10691,25-12-2022,9.95,261.31,False,True,False,False,True,False,False,False,False,False,False,False,False,False,False,False,False,False,False,False,True,False,False,False,False
10692,25-12-2022,3.49,630.37,False,False,True,False,True,False,False,False,False,False,False,False,False,False,False,False,False,False,False,False,True,False,False,False,False
10693,25-12-2022,2.95,677.97,False,False,False,False,True,False,False,False,False,False,False,False,False,False,False,False,False,False,False,False,True,False,False,False,False
10694,25-12-2022,4.99,200.4,False,False,False,True,True,False,False,False,False,False,False,False,False,False,False,False,False,False,False,False,True,False,False,False,False
10695,26-12-2022,12.99,692.84,True,False,False,False,True,False,False,False,False,False,False,False,False,False,False,False,False,False,False,False,True,False,False,False,False
10696,26-12-2022,9.95,281.41,False,True,False,False,True,False,False,False,False,False,False,False,False,False,False,False,False,False,False,False,True,False,False,False,False
10697,26-12-2022,3.49,630.37,False,False,True,False,True,False,False,False,False,False,False,False,False,False,False,False,False,False,False,False,True,False,False,False,False
10698,26-12-2022,2.95,677.97,False,False,False,False,True,False,False,False,False,False,False,False,False,False,False,False,False,False,False,False,True,False,False,False,False
10699,26-12-2022,4.99,200.4,False,False,False,True,True,False,False,False,False,False,False,False,False,False,False,False,False,False,False,False,True,False,False,False,False
10700,27-12-2022,12.99,692.84,True,False,False,False,True,False,False,False,False,False,False,False,False,False,False,False,False,False,False,False,True,False,False,False,False
10701,27-12-2022,9.95,281.41,False,True,False,False,True,False,False,False,False,False,False,False,False,False,False,False,False,False,False,False,True,False,False,False,False
10702,27-12-2022,3.49,630.37,False,False,True,False,True,False,False,False,False,False,False,False,False,False,False,False,False,False,False,False,True,False,False,False,False
10703,27-12-2022,2.95,677.97,False,False,False,False,True,False,False,True,False,False,False,False,False,False,False,False,False,False,False,False,True,False,False,False,False
10704,27-12-2022,4.99,200.4,False,False,False,True,False,False,False,True,False,False,False,False,False,False,False,False,False,False,False,False,True,False,False,False,False
10705,28-12-2022,12.99,723.63,True,False,False,False,False,False,False,True,False,False,False,False,False,False,False,False,False,False,False,False,True,False,False,False,False
10706,28-12-2022,9.95,301.51,False,True,False,False,False,False,False,True,False,False,False,False,False,False,False,False,False,False,False,False,True,False,False,False,False
10707,28-12-2022,3.49,630.37,False,False,True,False,False,False,False,True,False,False,False,False,False,False,False,False,False,False,False,False,True,False,False,False,False
10708,28-12-2022,2.95,677.97,False,False,False,False,False,False,False,True,False,False,False,False,False,False,False,False,False,False,False,False,True,False,False,False,False
10709,28-12-2022,4.99,200.4,False,False,False,True,False,False,False,True,False,False,False,False,False,False,False,False,False,False,False,False,True,False,False,False,False
10710,29-12-2022,12.99,754.43,True,False,False,False,False,False,False,True,False,False,False,False,False,False,False,False,False,False,False,False,True,False,False,False,False
10711,29-12-2022,9.95,281.41,False,True,False,False,False,False,False,True,False,False,False,False,False,False,False,False,False,False,False,False,True,False,False,False,False
10712,29-12-2022,3.49,630.37,False,False,True,False,False,False,False,True,False,False,False,False,False,False,False,False,False,False,False,False,True,False,False,False,False
10713,29-12-2022,2.95,677.97,False,False,False,False,False,False,False,True,False,False,False,False,False,False,False,False,False,False,False,False,True,False,False,False,False
